Date,Open,High,Low,Close,Volume
12-27-22,33224.230469,33387.71875,33069.578125,33241.558594,246010000
12-28-22,33264.761719,33379.550781,32869.148438,32875.710938,252260000
12-29-22,33021.429688,33293.421875,33020.351562,33220.800781,243060000
12-30-22,33121.609375,33152.550781,32847.820312,33147.25,295500000
01-03-23,33148.898438,33387.519531,32850.570312,33136.371094,355930000
01-04-23,33165.140625,33409.101562,33033.480469,33269.769531,379400000
01-05-23,33191.71875,33191.71875,32812.328125,32930.078125,337920000
01-06-23,33055.300781,33710.660156,32997.390625,33630.609375,360740000
01-09-23,33664.390625,33935.109375,33487.660156,33517.648438,327840000
01-10-23,33516.429688,33726.539062,33421.800781,33704.101562,268260000
01-11-23,33754.03125,33974.691406,33711.039062,33973.011719,301650000
01-12-23,34047.859375,34292.671875,33792.101562,34189.96875,308190000
01-13-23,34075.308594,34342.320312,33915.488281,34302.609375,274110000
01-17-23,34222.320312,34269.96875,33860.671875,33910.851562,353050000
01-18-23,33948.488281,34016.53125,33269.898438,33296.960938,351670000
01-19-23,33171.351562,33227.488281,32982.050781,33044.558594,319770000
01-20-23,33073.460938,33381.949219,32948.929688,33375.488281,367330000
01-23-23,33439.558594,33782.878906,33316.25,33629.558594,355220000
01-24-23,33444.71875,33782.921875,33310.558594,33733.960938,299310000
01-25-23,33538.359375,33773.089844,33273.210938,33743.839844,341720000
01-26-23,33771.660156,33953.789062,33635.601562,33949.410156,327000000
01-27-23,33952.929688,34164.328125,33830.851562,33978.078125,441260000
01-30-23,33909.210938,34055.289062,33695.179688,33717.089844,343920000
01-31-23,33803.558594,34095.230469,33664.910156,34086.039062,360240000
02-01-23,34039.601562,34334.699219,33581.421875,34092.960938,370120000
02-02-23,34129.300781,34145.140625,33814.78125,34053.941406,429910000
02-03-23,33926.300781,34179.578125,33813.859375,33926.011719,425150000
02-06-23,33874.441406,33962.839844,33683.578125,33891.019531,296400000
02-07-23,33769.78125,34240,33634.101562,34156.691406,361620000
02-08-23,34132.898438,34161.648438,33899.789062,33949.011719,324090000
02-09-23,34105.609375,34252.570312,33607.128906,33699.878906,347520000
02-10-23,33671.539062,33897.308594,33591.988281,33869.269531,288150000
02-13-23,33887.390625,34249.601562,33887.390625,34245.929688,302600000
02-14-23,34194.089844,34331.46875,33827.449219,34089.269531,288820000
02-15-23,34008.628906,34130.488281,33833.101562,34128.050781,267530000
02-16-23,33992.089844,34041.160156,33686.589844,33696.851562,317530000
02-17-23,33677.011719,33846.640625,33517.730469,33826.691406,302900000
02-21-23,33699.691406,33699.691406,33115.738281,33129.589844,348320000
02-22-23,33169.328125,33245.96875,32948.269531,33045.089844,321910000
02-23-23,33175.390625,33272.398438,32795.671875,33153.910156,288120000
02-24-23,32999.191406,32999.191406,32643.480469,32816.921875,277120000
02-27-23,32906.160156,33189.28125,32814.179688,32889.089844,243660000
02-28-23,32873.46875,32873.46875,32636.429688,32656.699219,303760000
03-01-23,32656.369141,32746.150391,32500.710938,32661.839844,292810000
03-02-23,32780.96875,33083.449219,32665.849609,33003.570312,317450000
03-03-23,33076.328125,33405.820312,33008.410156,33390.96875,300050000
03-06-23,33425.320312,33572.21875,33383.46875,33431.441406,329190000
03-07-23,33428.308594,33453.25,32838.210938,32856.460938,299400000
03-08-23,32872.078125,32903.441406,32612.699219,32798.398438,242750000
03-09-23,32876.828125,32990.460938,32190.599609,32254.859375,315860000
03-10-23,32185.140625,32422.099609,31783.410156,31909.640625,397790000
03-13-23,31819.929688,32240.349609,31624.869141,31819.140625,429090000
03-14-23,32055.289062,32306.589844,31805.400391,32155.400391,391760000
03-15-23,31759.869141,31906.470703,31429.820312,31874.570312,420910000
03-16-23,31827.650391,32281.609375,31571.460938,32246.550781,440940000
03-17-23,32217.320312,32217.320312,31728.699219,31861.980469,712100000
03-20-23,31872.330078,32280.070312,31872.330078,32244.580078,357210000
03-21-23,32420.710938,32593.679688,32346.119141,32560.599609,363190000
03-22-23,32570.189453,32761.890625,32020.460938,32030.109375,325990000
03-23-23,32101.490234,32511.490234,31864.740234,32105.25,335430000
03-24-23,32038.220703,32257.240234,31805.179688,32237.529297,317070000
03-27-23,32276.720703,32564,32276.720703,32432.080078,291560000
03-28-23,32434.849609,32551.009766,32295.5,32394.25,248560000
03-29-23,32566.539062,32728.039062,32539.939453,32717.599609,314110000
03-30-23,32807.429688,32905.800781,32682.869141,32859.03125,283380000
03-31-23,32901.960938,33291,32901.960938,33274.148438,353740000
04-03-23,33245.78125,33632.898438,33245.78125,33601.148438,311890000
04-04-23,33594.789062,33634.71875,33275.621094,33402.378906,283360000
04-05-23,33394.601562,33543.839844,33376.269531,33482.71875,286660000
04-06-23,33420.960938,33525.960938,33325.371094,33485.289062,258680000
04-10-23,33425.25,33590.238281,33343.429688,33586.519531,232920000
04-11-23,33586.75,33781.289062,33586.75,33684.789062,241430000
04-12-23,33764.210938,33895.429688,33593.320312,33646.5,260300000
04-13-23,33668.96875,34054.988281,33605.171875,34029.691406,277230000
04-14-23,33981.710938,34082.941406,33730.851562,33886.46875,276720000
04-17-23,33930.460938,33991.230469,33796.910156,33987.179688,234530000
04-18-23,33965.160156,34018.621094,33791.890625,33976.628906,253570000
04-19-23,33889.828125,33957.980469,33814.648438,33897.011719,251490000
04-20-23,33740.601562,33875.390625,33677.738281,33786.621094,307910000
04-21-23,33793.601562,33858.828125,33688.570312,33808.960938,291080000
04-24-23,33805.039062,33891.148438,33726.089844,33875.398438,252020000
04-25-23,33828.339844,33875.488281,33525.390625,33530.828125,297880000
04-26-23,33596.339844,33645.828125,33235.851562,33301.871094,321170000
04-27-23,33381.660156,33859.75,33374.648438,33826.160156,343240000
04-28-23,33797.429688,34104.558594,33728.398438,34098.160156,354310000
05-01-23,34116.808594,34257.828125,34030.140625,34051.699219,244190000
05-02-23,34017.621094,34017.75,33436.660156,33684.53125,274460000
05-03-23,33726.640625,33811.839844,33396.050781,33414.238281,286900000
05-04-23,33347.78125,33354.859375,32937.5,33127.738281,305160000
05-05-23,33248.550781,33748.429688,33248.550781,33674.378906,316350000
05-08-23,33715.148438,33747.488281,33509.230469,33618.691406,225680000
05-09-23,33589.851562,33656.398438,33509.71875,33561.808594,232940000
05-10-23,33707.199219,33772.089844,33239.449219,33531.328125,271180000
05-11-23,33383.890625,33389.878906,33127.699219,33309.511719,298000000
05-12-23,33370.578125,33406.398438,33110.609375,33300.621094,227570000
05-15-23,33321.210938,33400.300781,33161.929688,33348.601562,224020000
05-16-23,33275.371094,33290.851562,33006.191406,33012.140625,246680000
05-17-23,33092.480469,33472.378906,33050.410156,33420.769531,307130000
05-18-23,33374.558594,33579.910156,33212.089844,33535.910156,333070000
05-19-23,33582.949219,33652.898438,33336.660156,33426.628906,315210000
05-22-23,33408.539062,33512.300781,33207.851562,33286.578125,268900000
05-23-23,33190.601562,33310.171875,33013.289062,33055.511719,291550000
05-24-23,33021.761719,33031.75,32752.439453,32799.921875,246180000
05-25-23,32854.261719,32870.429688,32586.560547,32764.650391,364670000
05-26-23,32795.5,33162.058594,32795.5,33093.339844,330290000
05-30-23,33103.648438,33132.699219,32893.96875,33042.78125,322700000
05-31-23,32948.710938,32984.828125,32739.730469,32908.269531,689990000
06-01-23,32929.851562,33167.75,32704.509766,33061.570312,349460000
06-02-23,33187.578125,33805,33187.578125,33762.761719,383590000
06-05-23,33771.128906,33804.21875,33552.789062,33562.859375,367170000
06-06-23,33547.671875,33631.25,33399.691406,33573.28125,294070000
06-07-23,33562.46875,33708.78125,33546.109375,33665.019531,347400000
06-08-23,33656.980469,33873.808594,33630.039062,33833.609375,269160000
06-09-23,33852.441406,33975.320312,33787.160156,33876.78125,262310000
06-12-23,33906.800781,34077.839844,33878.460938,34066.328125,308130000
06-13-23,34111.078125,34310.28125,34107.980469,34212.121094,308790000
06-14-23,34044.699219,34151.421875,33783.550781,33979.328125,354910000
06-15-23,33945.980469,34488.980469,33945.980469,34408.058594,361400000
06-16-23,34464.019531,34588.679688,34285.691406,34299.121094,595230000
06-20-23,34206.660156,34206.660156,33915.929688,34053.871094,334810000
06-21-23,33990.558594,34097.929688,33876.171875,33951.519531,323690000
06-22-23,33900.46875,34003.558594,33835.390625,33946.710938,275600000
06-23-23,33835.660156,33835.660156,33646.488281,33727.429688,379800000
06-26-23,33730.789062,33819.488281,33610.320312,33714.710938,265330000
06-27-23,33739.03125,33975.648438,33730.390625,33926.738281,293210000
06-28-23,33881.378906,33903.761719,33755.921875,33852.660156,268050000
06-29-23,33854.570312,34147.679688,33828.628906,34122.421875,279940000
06-30-23,34269.921875,34467.351562,34269.921875,34407.601562,351060000
07-03-23,34369.78125,34465.601562,34286.539062,34418.46875,157590000
07-05-23,34344.71875,34376.109375,34226.980469,34288.640625,274570000
07-06-23,34171.390625,34171.390625,33771.46875,33922.261719,293840000
07-07-23,33837.070312,34036.378906,33716.75,33734.878906,272730000
07-10-23,33705.679688,33958.359375,33705.679688,33944.398438,299200000
07-11-23,34056.941406,34288.871094,33993.011719,34261.421875,278940000
07-12-23,34395.28125,34586.941406,34308.78125,34347.429688,331410000
07-13-23,34412.308594,34482.261719,34365.328125,34395.140625,267180000
07-14-23,34425.328125,34592.261719,34425.328125,34509.03125,293540000
07-17-23,34499.738281,34665.148438,34418.71875,34585.351562,359780000
07-18-23,34597.078125,34986.359375,34530.609375,34951.929688,385940000
07-19-23,34991.210938,35234.050781,34991.210938,35061.210938,365130000
07-20-23,35091.980469,35372.769531,35091.980469,35225.179688,340880000
07-21-23,35274.320312,35340.660156,35186.050781,35227.691406,465270000
07-24-23,35230.789062,35463.96875,35230.789062,35411.238281,284460000
07-25-23,35421.488281,35527.570312,35365.261719,35438.070312,299530000
07-26-23,35345.988281,35633.609375,35306.269531,35520.121094,346240000
07-27-23,35558.789062,35645.351562,35216.578125,35282.71875,352230000
07-28-23,35443.488281,35565.511719,35355.148438,35459.289062,369000000
07-31-23,35465.96875,35566.949219,35430.21875,35559.53125,327410000
08-01-23,35585.988281,35679.128906,35526.609375,35630.679688,259490000
08-02-23,35551.921875,35551.921875,35226.261719,35282.519531,298570000
08-03-23,35194.558594,35348.199219,35122.320312,35215.890625,254960000
08-04-23,35230.128906,35506.878906,35033.761719,35065.621094,338290000
08-07-23,35125.601562,35497.378906,35125.601562,35473.128906,300150000
08-08-23,35345.398438,35346.640625,35007.410156,35314.488281,303840000
08-09-23,35324.28125,35370.890625,35058.730469,35123.359375,306680000
08-10-23,35231.539062,35578.578125,35107.601562,35176.148438,337110000
08-11-23,35111.359375,35354.601562,35059.988281,35281.398438,277840000
08-14-23,35273.890625,35335.449219,35169.96875,35307.628906,300250000
08-15-23,35219.371094,35219.371094,34908.5,34946.390625,323920000
08-16-23,34914.960938,35133.558594,34757.371094,34765.738281,332310000
08-17-23,34829.609375,34888.480469,34440.730469,34474.828125,392850000
08-18-23,34368.359375,34587.070312,34263.191406,34500.660156,320680000
08-21-23,34531.28125,34570.960938,34248.460938,34463.691406,396490000
08-22-23,34494.171875,34514.039062,34256.839844,34288.828125,279200000
08-23-23,34338.589844,34534.71875,34321,34472.980469,360610000
08-24-23,34439.828125,34694.679688,34093.648438,34099.421875,342520000
08-25-23,34217.058594,34441.910156,34029.21875,34346.898438,257440000
08-28-23,34441.640625,34652.910156,34441.640625,34559.980469,224640000
08-29-23,34531.121094,34864.421875,34531.121094,34852.671875,262550000
08-30-23,34847.800781,35025.570312,34811.738281,34890.238281,236070000
08-31-23,34909.089844,35070.210938,34719.769531,34721.910156,341900000
09-01-23,34876.238281,34979.179688,34720.699219,34837.710938,286370000
09-05-23,34843.21875,34871.261719,34635.628906,34641.96875,283540000
09-06-23,34611.679688,34611.679688,34291.558594,34443.191406,308900000
09-07-23,34351.179688,34560.859375,34351.179688,34500.730469,386980000
09-08-23,34487.410156,34627.851562,34473.570312,34576.589844,293990000
09-11-23,34650.011719,34784.519531,34578.589844,34663.71875,291720000
09-12-23,34620.019531,34852.609375,34560.550781,34645.988281,318670000
09-13-23,34667.28125,34767.109375,34509.949219,34575.53125,295480000
09-14-23,34687.5,34977.96875,34687.5,34907.109375,305180000
09-15-23,34902.039062,34902.039062,34572.269531,34618.238281,582160000
09-18-23,34612.289062,34725.058594,34545.351562,34624.300781,252700000
09-19-23,34571.839844,34597.558594,34311.691406,34517.730469,282830000
09-20-23,34575.5,34776.28125,34434.289062,34440.878906,291650000
09-21-23,34332.230469,34378.300781,34058.71875,34070.421875,331930000
09-22-23,34077.078125,34156.148438,33947.238281,33963.839844,268760000
09-25-23,33907.589844,34017.53125,33780.671875,34006.878906,229450000
09-26-23,33862.679688,33879.929688,33569.601562,33618.878906,280100000
09-27-23,33682.808594,33731.648438,33306.300781,33550.269531,300330000
09-28-23,33519.441406,33777.898438,33473.5,33666.339844,275610000
09-29-23,33882.609375,33893.679688,33407.449219,33507.5,319830000
10-02-23,33455.5,33511.910156,33219.558594,33433.351562,275630000
10-03-23,33318.839844,33398.539062,32916.199219,33002.378906,293450000
10-04-23,33034.179688,33156.449219,32873.230469,33129.550781,287030000
10-05-23,33099.230469,33174.378906,32941.558594,33119.570312,277250000
10-06-23,33040.699219,33557.691406,32846.941406,33407.578125,332990000
10-09-23,33259.839844,33631.808594,33253.691406,33604.648438,228760000
10-10-23,33683.410156,33898.21875,33604.320312,33739.300781,255640000
10-11-23,33822.199219,33882.550781,33612.25,33804.871094,256560000
10-12-23,33845.648438,33863.800781,33455.601562,33631.140625,289160000
10-13-23,33733.339844,33957.71875,33551.578125,33670.289062,306340000
10-16-23,33832.421875,34088.980469,33832.421875,33984.539062,270060000
10-17-23,33869.839844,34147.628906,33854.699219,33997.648438,281010000
10-18-23,33960.25,33991.511719,33598.640625,33665.078125,285410000
10-19-23,33669.519531,33852.390625,33368.578125,33414.171875,304320000
10-20-23,33365.269531,33425.769531,33118.121094,33127.28125,325530000
10-23-23,32993.019531,33234.851562,32892.191406,32936.410156,342500000
10-24-23,33089.640625,33272.191406,32988.429688,33141.378906,359230000
10-25-23,33203.53125,33267.910156,32989.71875,33035.929688,355690000
10-26-23,33017.171875,33105.03125,32743.990234,32784.300781,379880000
10-27-23,32782.398438,32787.558594,32327.199219,32417.589844,376970000
10-30-23,32537.539062,33002.96875,32537.539062,32928.960938,298640000
10-31-23,33029.109375,33070.28125,32787.121094,33052.871094,306950000
11-01-23,33081.871094,33337.148438,33010.851562,33274.578125,307570000
11-02-23,33457.820312,33852.960938,33450.03125,33839.078125,304350000
11-03-23,33988.828125,34163.628906,33946.601562,34061.320312,311000000
11-06-23,34092.609375,34167.261719,33989.71875,34095.859375,265570000
11-07-23,34075.648438,34206.980469,34026.71875,34152.601562,281790000
11-08-23,34185.921875,34252.75,33996.199219,34112.269531,280330000
11-09-23,34163.710938,34167.539062,33859.769531,33891.941406,325400000
11-10-23,34020.820312,34310.359375,33905.621094,34283.101562,302460000
11-13-23,34259.25,34405.839844,34205.808594,34337.871094,245090000
11-14-23,34581.199219,34931.011719,34581.199219,34827.699219,328050000
11-15-23,34906.71875,35051.101562,34868.480469,34991.210938,347790000
11-16-23,34868.03125,35022.460938,34818.03125,34945.46875,435540000
11-17-23,34964.820312,35028.21875,34882.820312,34947.28125,334820000
11-20-23,34932.488281,35227.480469,34907.980469,35151.039062,331050000
11-21-23,35104.839844,35118.039062,35038.441406,35088.289062,271120000
11-22-23,35189.328125,35315.199219,35155.800781,35273.03125,237290000
11-24-23,35299.898438,35399.441406,35299.898438,35390.148438,117040000
11-27-23,35376.441406,35410.371094,35280.570312,35333.46875,258340000
11-28-23,35332.128906,35518.671875,35307.730469,35416.980469,256210000
11-29-23,35436.800781,35579.128906,35405.890625,35430.421875,299330000
11-30-23,35596.570312,35970.699219,35592.21875,35950.890625,435540000
12-01-23,35914.449219,36264.851562,35914.449219,36245.5,321840000
12-04-23,36089.378906,36238.179688,36029.691406,36204.441406,329450000
12-05-23,36135.648438,36164.679688,36010.851562,36124.558594,309250000
12-06-23,36183.730469,36292.578125,36024.25,36054.429688,283240000
12-07-23,36124.171875,36164.171875,36021.949219,36117.378906,287280000
12-08-23,36084.820312,36296.199219,36061.640625,36247.871094,295180000
12-11-23,36254.328125,36416.179688,36231.191406,36404.929688,342490000
12-12-23,36442.101562,36596.109375,36373.21875,36577.941406,292770000
12-13-23,36601.800781,37094.851562,36523.589844,37090.238281,354790000
12-14-23,37115.628906,37287.5,37051.519531,37248.351562,455820000
12-15-23,37194.5,37347.601562,37092.019531,37305.160156,788160000
12-18-23,37330.140625,37393.449219,37284.851562,37306.019531,292120000
12-19-23,37311.820312,37562.828125,37311.820312,37557.921875,272740000
12-20-23,37520.128906,37641.300781,37073.039062,37082,303450000
12-21-23,37225.320312,37418.761719,37127.050781,37404.351562,253120000
12-22-23,37349.269531,37534.519531,37268.878906,37385.96875,252970000
12-26-23,37405.898438,37617.988281,37371.828125,37545.328125,212420000
12-27-23,37518.621094,37683.699219,37488.601562,37656.519531,245530000
12-28-23,37661.519531,37778.851562,37650.980469,37710.101562,199550000
12-29-23,37701.628906,37759.429688,37538.800781,37689.539062,234570000
01-02-24,37566.21875,37790.078125,37495.910156,37715.039062,350280000
01-03-24,37629.230469,37629.230469,37401.851562,37430.191406,322010000
01-04-24,37425.28125,37716.410156,37425.28125,37440.339844,380220000
01-05-24,37455.460938,37623.621094,37323.820312,37466.109375,299480000
01-08-24,37327.371094,37692.921875,37249.238281,37683.011719,362200000
01-09-24,37523.550781,37552.378906,37373.300781,37525.160156,289860000
01-10-24,37552.910156,37740.769531,37524.398438,37695.730469,279540000
01-11-24,37747.140625,37801.898438,37424.28125,37711.019531,299540000
01-12-24,37818.050781,37825.269531,37470.191406,37592.980469,279250000
01-16-24,37493.539062,37543.179688,37201.390625,37361.121094,378280000
01-17-24,37281.859375,37371.660156,37132.890625,37266.671875,290880000
01-18-24,37300.808594,37522.289062,37122.949219,37468.609375,340620000
01-19-24,37572.5,37933.730469,37451.710938,37863.800781,377650000
01-22-24,37919.550781,38109.199219,37911.609375,38001.808594,339560000
01-23-24,37959.789062,37980.730469,37804.988281,37905.449219,334110000
01-24-24,37975.371094,38064.21875,37795.710938,37806.390625,336090000
01-25-24,37862.570312,38057.53125,37796.46875,38049.128906,402970000
01-26-24,38006.679688,38215.308594,37997.769531,38109.429688,387000000
01-29-24,38115.828125,38343.929688,38061.171875,38333.449219,312480000
01-30-24,38298.230469,38497.390625,38257.800781,38467.308594,326640000
01-31-24,38426.78125,38588.859375,38139.660156,38150.300781,453250000
02-01-24,38175.339844,38522.5,38106.839844,38519.839844,321830000
02-02-24,38448.101562,38783.621094,38336.570312,38654.421875,379760000
02-05-24,38546.769531,38633.878906,38220.398438,38380.121094,322290000
02-06-24,38392.898438,38545.28125,38350.460938,38521.359375,276140000
02-07-24,38613.890625,38748.109375,38571.011719,38677.359375,302210000
02-08-24,38702.109375,38755.679688,38544.359375,38726.328125,315510000
02-09-24,38731.96875,38734.28125,38567.898438,38671.691406,299970000
02-12-24,38656.761719,38927.078125,38628.921875,38797.378906,273020000
02-13-24,38699.171875,38699.171875,38039.859375,38272.75,318390000
02-14-24,38372.671875,38442.558594,38194.621094,38424.269531,274610000
02-15-24,38397.941406,38781.890625,38397.941406,38773.121094,303840000
02-16-24,38751.710938,38825.03125,38583.238281,38627.988281,282210000
02-20-24,38576.261719,38663.089844,38460.199219,38563.800781,335990000
02-21-24,38483.660156,38618.03125,38338.578125,38612.238281,279510000
02-22-24,38845.191406,39149.609375,38802.070312,39069.109375,324630000
02-23-24,39127.96875,39282.28125,39094.359375,39131.53125,286910000
02-26-24,39144.789062,39245.890625,39025.800781,39069.230469,296930000
02-27-24,39087.898438,39087.898438,38881.898438,38972.410156,272860000
02-28-24,38938.078125,38956.460938,38741.679688,38949.019531,272560000
02-29-24,39013.75,39074.128906,38809.28125,38996.390625,519690000
03-01-24,38989.511719,39120.359375,38850.5,39087.378906,331030000
03-04-24,38968.769531,39087.859375,38913.300781,38989.828125,386290000
03-05-24,38906.980469,38906.980469,38457.828125,38585.191406,393750000
03-06-24,38721.148438,38858.128906,38570.800781,38661.050781,347900000
03-07-24,38784.300781,38910.351562,38730.128906,38791.351562,335580000
03-08-24,38776.800781,38971.148438,38705.03125,38722.691406,342030000
03-11-24,38667.210938,38794.761719,38483.25,38769.660156,300190000
03-12-24,38883.320312,39071.558594,38711.390625,39005.488281,329090000
03-13-24,39054.578125,39201.941406,38937.921875,39043.320312,330930000
03-14-24,39122.390625,39160.25,38704.359375,38905.660156,375810000
03-15-24,38809.648438,38928.128906,38618.199219,38714.769531,774360000
03-18-24,38826.929688,38898.410156,38760.789062,38790.429688,327950000
03-19-24,38819.609375,39122.710938,38761.28125,39110.761719,310610000
03-20-24,39072.050781,39529.128906,38988.648438,39512.128906,350050000
03-21-24,39661.03125,39889.050781,39589.230469,39781.371094,408990000
03-22-24,39774.058594,39824.761719,39469.53125,39475.898438,332340000
03-25-24,39410.539062,39430.171875,39296.03125,39313.640625,323670000
03-26-24,39338.320312,39439.441406,39277.191406,39282.328125,306940000
03-27-24,39461.980469,39769.410156,39461.980469,39760.078125,332190000
03-28-24,39763.738281,39868.589844,39717.25,39807.371094,360970000
04-01-24,39807.929688,39815,39491.21875,39566.851562,269470000
04-02-24,39256.269531,39256.269531,39051.699219,39170.238281,319590000
04-03-24,39139.589844,39305.761719,39017.128906,39127.140625,364180000
04-04-24,39343.601562,39421.351562,38559.421875,38596.980469,356510000
04-05-24,38664.980469,39040.171875,38602.179688,38904.039062,317110000
04-08-24,38916.421875,39013.199219,38857.699219,38892.800781,291460000
04-09-24,38983.660156,38992.890625,38572.089844,38883.671875,328700000
04-10-24,38662.28125,38662.28125,38304.660156,38461.511719,317580000
04-11-24,38523.261719,38598.980469,38197.28125,38459.078125,356640000
04-12-24,38319.140625,38319.140625,37877.300781,37983.238281,440910000
04-15-24,38075.378906,38386.808594,37657.789062,37735.109375,389170000
04-16-24,37992.21875,37992.21875,37713.699219,37798.96875,339480000
04-17-24,37949.671875,38036.699219,37611.558594,37753.308594,314650000
04-18-24,37847.210938,38083.761719,37681.519531,37775.378906,300230000
04-19-24,37801.980469,38102.570312,37781.609375,37986.398438,420460000
04-22-24,38116.890625,38447.160156,37985.070312,38239.980469,351650000
04-23-24,38356.070312,38561.5,38297.71875,38503.691406,329420000
04-24-24,38552.789062,38552.789062,38310.550781,38460.921875,337230000
04-25-24,38052.089844,38157.21875,37754.378906,38085.800781,408170000
04-26-24,38114.699219,38337.640625,38065.050781,38239.660156,398680000
04-29-24,38282.160156,38406.199219,38215.46875,38386.089844,343630000
04-30-24,38337.398438,38337.398438,37810.121094,37815.921875,448480000
05-01-24,37845.558594,38349.199219,37780.539062,37903.289062,413540000
05-02-24,38075.648438,38295.289062,37895.660156,38225.660156,355910000
05-03-24,38709.359375,38808.519531,38518.28125,38675.679688,410530000
05-06-24,38762.429688,38886.46875,38689.378906,38852.269531,315550000
05-07-24,38858.941406,38977.609375,38840.398438,38884.261719,360930000
05-08-24,38818.898438,39094.738281,38814.988281,39056.390625,292340000
05-09-24,39064.269531,39413.660156,38988.851562,39387.761719,303270000
05-10-24,39466.519531,39579.878906,39406.261719,39512.839844,289480000
05-13-24,39591.28125,39647.390625,39403.050781,39431.511719,323370000
05-14-24,39466.761719,39616.410156,39371.921875,39558.109375,320860000
05-15-24,39615.101562,39935.039062,39615.101562,39908,411190000
05-16-24,39912.339844,40051.050781,39864.679688,39869.378906,400560000
05-17-24,39911.71875,40010.878906,39858.859375,40003.589844,300260000
05-20-24,39989.761719,40077.398438,39787.089844,39806.769531,272420000
05-21-24,39804.398438,39905.800781,39778.730469,39872.988281,314120000
05-22-24,39863.328125,39890.910156,39559.089844,39671.039062,258430000
05-23-24,39694.949219,39694.949219,39025.511719,39065.261719,335640000
05-24-24,39089.230469,39220.308594,39020.289062,39069.589844,249810000
05-28-24,39028.988281,39028.988281,38706.140625,38852.859375,303340000
05-29-24,38716.28125,38716.28125,38413.671875,38441.539062,292280000
05-30-24,38368.351562,38493.601562,38000.960938,38111.480469,360090000
05-31-24,38140.261719,38719.429688,38092.269531,38686.320312,618200000
06-03-24,38709.988281,38735.609375,38247.21875,38571.03125,314010000
06-04-24,38518.859375,38786.621094,38397.820312,38711.289062,304450000
06-05-24,38774.820312,38844.320312,38548.769531,38807.328125,310970000
06-06-24,38825.398438,39004.160156,38735.988281,38886.171875,269000000
06-07-24,38861.238281,39105.230469,38751.851562,38798.988281,265850000
06-10-24,38784.898438,38877.859375,38665.449219,38868.039062,330580000
06-11-24,38795.710938,38795.710938,38446.238281,38747.421875,383090000
06-12-24,38950.648438,39120.261719,38621.449219,38712.210938,472280000
06-13-24,38677.121094,38712.210938,38407.699219,38647.101562,341330000
06-14-24,38528.390625,38595.238281,38305.851562,38589.160156,272200000
06-17-24,38565.179688,38839.878906,38431.949219,38778.101562,346190000
06-18-24,38779.121094,38936.929688,38727.671875,38834.859375,324260000
06-20-24,38804.730469,39232.5,38778.460938,39134.761719,397010000
06-21-24,39208.511719,39257.179688,39061.671875,39150.328125,818670000
06-24-24,39184.488281,39571.230469,39184.488281,39411.210938,373940000
06-25-24,39398.789062,39423.261719,38997.230469,39112.160156,339010000
06-26-24,39063.148438,39183.738281,38908.988281,39127.800781,333100000
06-27-24,39107.101562,39250.691406,39026.75,39164.058594,338010000
06-28-24,39092.390625,39443.601562,38937.148438,39118.859375,679630000
07-01-24,39186.199219,39438.359375,39037.941406,39169.519531,346210000
07-02-24,39108.25,39340.488281,39085.691406,39331.851562,317380000
07-03-24,39358.949219,39411.171875,39230.859375,39308,202070000
07-05-24,39313.398438,39399.621094,39168.699219,39375.871094,325230000
07-08-24,39391.980469,39654.960938,39278.429688,39344.789062,358320000
07-09-24,39357.371094,39492.28125,39146.601562,39291.96875,361410000
07-10-24,39272.449219,39736.199219,39256.71875,39721.359375,334180000
07-11-24,39695.179688,39875.601562,39623.121094,39753.75,361530000
07-12-24,39783.28125,40257.238281,39783.28125,40000.898438,325780000
07-15-24,40138.398438,40351.101562,40136.101562,40211.71875,308880000
07-16-24,40263.78125,40988.808594,40263.78125,40954.480469,306390000
07-17-24,40862.570312,41221.980469,40849.710938,41198.078125,433450000
07-18-24,41156.558594,41376,40597.5,40665.019531,393450000
07-19-24,40592.351562,40626.160156,40203.269531,40287.53125,348530000
07-22-24,40414.488281,40472.53125,40222.769531,40415.441406,351670000
07-23-24,40443.730469,40527.890625,40319.699219,40358.089844,287390000
07-24-24,40210.628906,40258.441406,39807.449219,39853.871094,394210000
07-25-24,39828.628906,40438.820312,39817.5,39935.070312,375790000
07-26-24,40140.859375,40753.828125,40140.859375,40589.339844,332070000
07-29-24,40665.710938,40682.488281,40388.828125,40539.929688,272200000
07-30-24,40622.128906,40866.25,40529.101562,40743.328125,350910000
07-31-24,40768.878906,41198.628906,40655.890625,40842.789062,420090000
08-01-24,40916.960938,41096.660156,40098.570312,40347.96875,472030000
08-02-24,40075.328125,40075.328125,39358.679688,39737.261719,827820000
08-05-24,39056.191406,39056.191406,38499.269531,38703.269531,661280000
08-06-24,38736.21875,39449.53125,38638.300781,38997.660156,462650000
08-07-24,39230.089844,39477.960938,38731.511719,38763.449219,428250000
08-08-24,38940.378906,39508.398438,38922.789062,39446.488281,376440000
08-09-24,39408.058594,39628.660156,39230.429688,39497.539062,316320000
08-12-24,39556.011719,39587.058594,39251.71875,39357.011719,312380000
08-13-24,39445.269531,39792.800781,39392.410156,39765.640625,365560000
08-14-24,39800.589844,40068.75,39737.199219,40008.390625,317800000
08-15-24,40295.738281,40590.511719,40295.738281,40563.058594,446850000
08-16-24,40528.859375,40726.03125,40453.578125,40659.761719,323210000
08-19-24,40670.828125,40907.320312,40670.828125,40896.53125,283890000
08-20-24,40874.519531,40909.378906,40756.648438,40834.96875,299380000
08-21-24,40881.03125,40974.398438,40738.429688,40890.488281,281460000
08-22-24,40932.230469,41026.640625,40584.46875,40712.78125,310470000
08-23-24,40879.121094,41207.921875,40842.960938,41175.078125,300080000
08-26-24,41200.839844,41420.050781,41140.230469,41240.519531,249300000
08-27-24,41186.28125,41271.75,41109.421875,41250.5,256160000
08-28-24,41250.171875,41351.109375,40842.289062,41091.421875,272170000
08-29-24,41345.5,41577.96875,41086.808594,41335.050781,309820000
08-30-24,41366.160156,41585.210938,41145.851562,41563.078125,494900000
09-03-24,41489.671875,41489.671875,40778.089844,40936.929688,420530000
09-04-24,40872.058594,41172.589844,40840.890625,40974.96875,359380000
09-05-24,41056.328125,41084.78125,40519.078125,40755.75,331250000
09-06-24,40756.808594,41009.390625,40297.328125,40345.410156,370440000
09-09-24,40555.109375,41000.238281,40518.058594,40829.589844,376720000
09-10-24,40916.5,40916.5,40417.480469,40736.960938,360950000
09-11-24,40638.761719,40903.679688,39993.070312,40861.710938,356040000
09-12-24,40862.109375,41107.351562,40665.53125,41096.769531,289300000
09-13-24,41153.699219,41533.839844,41128.699219,41393.78125,276800000
09-16-24,41435.171875,41733.96875,41435.171875,41622.078125,408670000
09-17-24,41723.78125,41835.28125,41470.691406,41606.179688,448610000
09-18-24,41628.910156,41981.96875,41449,41503.101562,383600000
09-19-24,41972.558594,42160.910156,41832.089844,42025.191406,429760000
09-20-24,41959.429688,42138.410156,41865.949219,42063.359375,1207660000
09-23-24,42060.398438,42190.050781,42012.21875,42124.648438,455200000
09-24-24,42234.988281,42281.058594,42056.820312,42208.21875,401020000
09-25-24,42236.089844,42299.640625,41859.730469,41914.75,374960000
09-26-24,42113.421875,42224.148438,42036.28125,42175.109375,353600000
09-27-24,42227.949219,42628.320312,42227.949219,42313,329840000
09-30-24,42289.75,42347.660156,41929.070312,42330.148438,354430000
10-01-24,42262.96875,42322.359375,41945.628906,42156.96875,380240000
10-02-24,42125.140625,42259.519531,41968.789062,42196.519531,301760000
10-03-24,42099.53125,42125.839844,41847.808594,42011.589844,267260000
10-04-24,42248.261719,42361.378906,41972.109375,42352.75,296550000
10-07-24,42289.511719,42293.640625,41831.738281,41954.238281,307230000
10-08-24,42022.648438,42128.558594,41874.71875,42080.371094,284500000
10-09-24,42070.320312,42562.011719,41993.351562,42512,267400000
10-10-24,42511.371094,42511.371094,42308.039062,42454.121094,245570000
10-11-24,42507.53125,42899.75,42507.53125,42863.859375,265330000
10-14-24,42800.890625,43139,42707.140625,43065.21875,240050000
10-15-24,43240.171875,43277.78125,42703.171875,42740.421875,360880000
10-16-24,42706.488281,43100.839844,42692.371094,43077.699219,297510000
10-17-24,43119.808594,43289.761719,43119.808594,43239.050781,267370000
10-18-24,43187.121094,43325.089844,43036.351562,43275.910156,295500000
10-21-24,43222.210938,43310.871094,42877.570312,42931.601562,273590000
10-22-24,42876.839844,43041.050781,42718.261719,42924.890625,335200000
10-23-24,42834.398438,42834.398438,42293.171875,42514.949219,356610000
10-24-24,42522.550781,42522.550781,42191.828125,42374.359375,282680000
10-25-24,42477.511719,42594.640625,42051.390625,42114.398438,314000000
10-28-24,42264.539062,42476.460938,42264.539062,42387.570312,284770000
10-29-24,42323.480469,42491.859375,42171.648438,42233.050781,373550000
10-30-24,42249.808594,42457.921875,42141.539062,42141.539062,377420000
10-31-24,41956.339844,41991.910156,41704.628906,41763.460938,497370000
11-01-24,41869.820312,42326.308594,41869.820312,42052.191406,531350000
11-04-24,42004.660156,42035.871094,41647.300781,41794.601562,341500000
11-05-24,41835.488281,42258.839844,41766.960938,42221.878906,283990000
11-06-24,42850.398438,43778.78125,42850.398438,43729.929688,550400000
11-07-24,43718.921875,43823.101562,43641.921875,43729.339844,437510000
11-08-24,43768.53125,44157.289062,43733.859375,43988.988281,454570000
11-11-24,44057.648438,44486.699219,44057.648438,44293.128906,451940000
11-12-24,44359.210938,44405.730469,43887.269531,43910.980469,482720000
11-13-24,43880.460938,44141.328125,43829.980469,43958.191406,500190000
11-14-24,44032.378906,44080.78125,43704.820312,43750.859375,545090000
11-15-24,43587.929688,43647.53125,43350.429688,43444.988281,664320000
11-18-24,43431.890625,43505.660156,43297.570312,43389.601562,527180000
11-19-24,43243.269531,43380.96875,42938.871094,43268.941406,497970000
11-20-24,43296.050781,43465.769531,43074.859375,43408.46875,559010000
11-21-24,43538.699219,44020.308594,43345.578125,43870.351562,712120000
11-22-24,43871.628906,44323.949219,43871.628906,44296.511719,533010000
11-25-24,44385.488281,44815.671875,44385.488281,44736.570312,826660000
11-26-24,44614.890625,44903.011719,44426.660156,44860.308594,476170000
11-27-24,44837.75,45003.058594,44690.230469,44722.058594,451360000
11-29-24,44760.050781,45071.289062,44760.050781,44910.648438,319210000
12-02-24,44925.859375,45001.660156,44710.160156,44782,439740000
12-03-24,44769.578125,44914.679688,44574.78125,44705.53125,429130000
12-04-24,44941.050781,45073.628906,44799.738281,45014.039062,554420000
12-05-24,45038.441406,45059.941406,44747.140625,44765.710938,457340000
12-06-24,44824.289062,44923.738281,44596.460938,44642.519531,466910000
12-09-24,44637.96875,44728.511719,44382.828125,44401.929688,503920000
12-10-24,44291.570312,44470.839844,44186.660156,44247.828125,482660000
12-11-24,44300.410156,44376.179688,44135.738281,44148.558594,512650000
12-12-24,44168.660156,44208.601562,43903.269531,43914.121094,396050000
12-13-24,43929.148438,44054.230469,43790.480469,43828.058594,455380000
12-16-24,43825.761719,43951.578125,43686.851562,43717.480469,579350000
12-17-24,43656.46875,43656.46875,43336.21875,43449.898438,593670000
12-18-24,43459.71875,43688.96875,42300.039062,42326.871094,627570000
12-19-24,42464.128906,42787.851562,42334.128906,42342.238281,560200000
12-20-24,42296.261719,43216.03125,42146.328125,42840.261719,1121300000
12-23-24,42800.488281,42957.789062,42516.871094,42906.949219,449390000
12-24-24,42916.480469,43297.648438,42871.761719,43297.03125,230410000
12-26-24,43201.851562,43373.980469,43115.089844,43325.800781,270350000
12-27-24,43142.371094,43238.851562,42761.558594,42992.210938,376960000
12-30-24,42863.859375,42863.859375,42263.511719,42573.730469,383300000
12-31-24,42636.699219,42779.691406,42421.289062,42544.21875,359210000
01-02-25,42660.089844,42905.089844,42174.800781,42392.269531,459850000
01-03-25,42495.761719,42782.761719,42436.921875,42732.128906,455810000
01-06-25,42835.519531,43115.308594,42611.160156,42706.558594,557040000
01-07-25,42809.710938,42931.539062,42380.75,42528.359375,621630000
01-08-25,42542.101562,42656.21875,42327.789062,42635.199219,463430000
01-10-25,42540.289062,42540.289062,41877.300781,41938.449219,543810000
01-13-25,41924.679688,42319.601562,41844.890625,42297.121094,500190000
01-14-25,42366.421875,42544.570312,42157.03125,42518.28125,454650000
01-15-25,42927.761719,43323.488281,42927.761719,43221.550781,479110000
01-16-25,43290.25,43294.808594,43081.75,43153.128906,504270000
01-17-25,43312.550781,43653.25,43312.550781,43487.828125,554870000
01-21-25,43528.648438,44050.128906,43528.648438,44025.808594,592210000
01-22-25,44178.058594,44208.339844,44042.109375,44156.730469,588430000
01-23-25,44113.550781,44565.261719,44113.550781,44565.070312,444180000
01-24-25,44533.75,44545.519531,44332.21875,44424.25,532230000
01-27-25,44148.839844,44727.851562,44026.269531,44713.578125,1230150000
01-28-25,44756.359375,44976.351562,44621.960938,44850.351562,915110000
01-29-25,44819.550781,44962.578125,44579.101562,44713.519531,695190000
01-30-25,44548.691406,45008.75,44548.691406,44882.128906,714080000
01-31-25,45054.359375,45054.359375,44507.21875,44544.660156,768530000
02-03-25,44268.148438,44594.539062,43879.058594,44421.910156,712890000
02-04-25,44469.460938,44597.710938,44328.519531,44556.039062,561360000
02-05-25,44563.628906,44886.878906,44352.988281,44873.28125,552040000
02-06-25,44949.191406,44966.628906,44545.269531,44747.628906,542250000
02-07-25,44762.570312,44857.109375,44279.78125,44303.398438,552510000
02-10-25,44396.921875,44622.191406,44301.421875,44470.410156,494600000
02-11-25,44401.378906,44640.601562,44319.511719,44593.648438,453440000
02-12-25,44357.699219,44467.210938,44104.480469,44368.558594,444470000
02-13-25,44425.941406,44768.261719,44366.621094,44711.429688,513960000
02-14-25,44720.988281,44769.050781,44498.960938,44546.078125,474570000
02-18-25,44583.910156,44602.019531,44319.320312,44556.339844,551790000
02-19-25,44478.121094,44636.191406,44312.648438,44627.589844,438880000
02-20-25,44561.109375,44561.109375,43950.160156,44176.648438,448500000
02-21-25,43820.128906,43959.730469,43349.328125,43428.019531,622550000
02-24-25,43493.121094,43699.148438,43343.671875,43461.210938,615500000
02-25-25,43509.738281,43767.738281,43282.980469,43621.160156,641310000
02-26-25,43635.421875,43866.5,43318.929688,43433.121094,590270000
02-27-25,43516.441406,43884.191406,43224.53125,43239.5,739620000
02-28-25,43259.839844,43873.550781,43100.871094,43840.910156,782170000
03-03-25,43900.488281,44033.78125,42919.308594,43191.238281,731560000
03-04-25,43040.300781,43084,42347.75,42520.988281,815780000
03-05-25,42518.371094,43135.921875,42418.730469,43006.589844,582350000
03-06-25,42848.488281,42970.488281,42381.558594,42579.078125,643880000
03-07-25,42503.070312,42898.679688,42175.621094,42801.71875,763440000
03-10-25,42507.648438,42541.359375,41612.921875,41911.710938,840180000
03-11-25,41837.949219,41868.269531,41175.371094,41433.480469,828160000
03-12-25,41577.5,41721.359375,41010.238281,41350.929688,712360000
03-13-25,41280.050781,41360.121094,40661.769531,40813.570312,646770000
03-14-25,41057.570312,41528.109375,40929.539062,41488.191406,600240000
03-17-25,41460.21875,42013.101562,41412.75,41841.628906,564190000
03-18-25,41772.910156,41787.25,41415.429688,41581.308594,569810000
03-19-25,41613.191406,42178.410156,41613.191406,41964.628906,577530000
03-20-25,41795.261719,42250.289062,41695.609375,41953.320312,545240000
03-21-25,41763.398438,42011.398438,41433.859375,41985.351562,1026600000
03-24-25,42180.140625,42638.851562,42180.140625,42583.320312,548840000
03-25-25,42635.539062,42696.609375,42441.828125,42587.5,452200000
03-26-25,42655.851562,42821.828125,42326.671875,42454.789062,592650000
03-27-25,42432.960938,42523.839844,42142.191406,42299.699219,484540000
03-28-25,42245.820312,42258.148438,41530,41583.898438,532360000
03-31-25,41382.519531,42147.378906,41148.128906,42001.761719,732220000
04-01-25,41879.75,42140.660156,41519.898438,41989.960938,514610000
04-02-25,41736.078125,42382.269531,41629.699219,42225.320312,492050000
04-03-25,40986.519531,41173.621094,40513.109375,40545.929688,941940000
04-04-25,40097.898438,40097.898438,38264.871094,38314.859375,1290100000
04-07-25,37879.648438,39207.019531,36611.78125,37965.601562,1363960000
04-08-25,38827.101562,39426.601562,37103.859375,37645.589844,1051220000
04-09-25,37387.910156,40778.699219,37275.691406,40608.449219,1412960000
04-10-25,39996.929688,39996.929688,38427.699219,39593.660156,1023490000
04-11-25,39493.421875,40404.269531,39255.210938,40212.710938,742800000
04-14-25,40546.148438,40778.289062,40159.019531,40524.789062,667010000
04-15-25,40527.820312,40791.179688,40346.941406,40368.960938,529800000
04-16-25,40179.488281,40416.800781,39394.75,39669.390625,737550000
04-17-25,39745.578125,39745.578125,38950.308594,39142.230469,657400000
04-21-25,38906.039062,38906.039062,37830.660156,38170.410156,604790000
04-22-25,38516.230469,39272.03125,38516.230469,39186.980469,582330000
04-23-25,39815.011719,40376.109375,39487.140625,39606.570312,642550000
04-24-25,39531.050781,40157.910156,39371.871094,40093.398438,558120000
04-25-25,40045.730469,40137.308594,39718.679688,40113.5,559040000
04-28-25,40171.738281,40414.179688,39869.101562,40227.589844,475930000
04-29-25,40233.980469,40630.488281,40222.179688,40527.621094,434830000
04-30-25,40290.410156,40777.160156,39745.628906,40669.359375,599760000
05-01-25,40918.039062,41099.519531,40705.628906,40752.960938,597270000
05-02-25,40960.421875,41386.191406,40960.421875,41317.429688,589870000
05-05-25,41173.378906,41445.910156,41063.441406,41218.828125,413440000
05-06-25,41000.191406,41164.328125,40759.410156,40829,416110000
05-07-25,40956.078125,41266.910156,40829.289062,41113.96875,533870000
05-08-25,41312.570312,41773.21875,41167.761719,41368.449219,514850000
05-09-25,41405.480469,41512.429688,41150.730469,41249.378906,373930000
05-12-25,41899.050781,42418.050781,41899.050781,42410.101562,653810000
05-13-25,42507.328125,42507.328125,42132.039062,42140.429688,729860000
05-14-25,42150.089844,42254.75,41952.859375,42051.058594,660230000
05-15-25,41777.980469,42351.421875,41777.980469,42322.75,736430000
05-16-25,42356.199219,42663.679688,42232.558594,42654.738281,621250000
05-19-25,42542.808594,42842.039062,42337.710938,42792.070312,536830000
05-20-25,42735.109375,42800.039062,42485.371094,42677.238281,441530000
05-21-25,42354.460938,42439.269531,41785.21875,41860.441406,607900000
05-22-25,41763.679688,42090.421875,41714.429688,41859.089844,476080000
05-23-25,41525.699219,41788.609375,41354.089844,41603.070312,497060000
05-27-25,41849.039062,42350.660156,41849.039062,42343.648438,501340000
05-28-25,42361.628906,42448.71875,42042.261719,42098.699219,518840000
05-29-25,42190.019531,42266,41828.351562,42215.730469,665310000
05-30-25,42192.351562,42376.078125,41906.160156,42270.070312,796200000
06-02-25,42199.941406,42317,41853.621094,42305.480469,454680000
06-03-25,42304.5,42568.378906,42186.441406,42519.640625,504410000
06-04-25,42574.128906,42645,42427.738281,42427.738281,409600000
06-05-25,42487.890625,42601.449219,42211.691406,42319.738281,532850000
06-06-25,42631.820312,42924.558594,42582.550781,42762.871094,414540000
06-09-25,42786.191406,42893.089844,42567.550781,42761.761719,485780000
06-10-25,42738.269531,42925.941406,42710.089844,42866.871094,446850000
06-11-25,42882.859375,43115.691406,42738.621094,42865.769531,467260000
06-12-25,42737.359375,42970.398438,42606.421875,42967.621094,455760000
06-13-25,42579.480469,42602.480469,42081.089844,42197.789062,485930000
06-16-25,42300.128906,42707.730469,42300.128906,42515.089844,467040000
06-17-25,42358.621094,42530.828125,42132.648438,42215.800781,423070000
06-18-25,42236.03125,42510.070312,42118.230469,42171.660156,485440000
06-20-25,42291.089844,42432.191406,42089.988281,42206.820312,859840000
06-23-25,42178.550781,42609.46875,41981.140625,42581.78125,496750000
06-24-25,42807.128906,43183.480469,42794.078125,43089.019531,516060000
06-25-25,43130.328125,43130.328125,42871.5,42982.429688,527460000
06-26-25,43084.070312,43430.988281,43084.070312,43386.839844,536710000
06-27-25,43505.601562,43966.371094,43505.601562,43819.269531,921330000
06-30-25,44020.660156,44138.691406,43889.160156,44094.769531,623630000
07-01-25,44061.488281,44604.148438,44013.539062,44494.941406,593600000
07-02-25,44455.660156,44557.820312,44354.011719,44484.421875,499870000
07-03-25,44565.75,44885.828125,44550.421875,44828.53125,346620000
07-07-25,44803.359375,44803.359375,44160.320312,44406.359375,442350000
07-08-25,44378.578125,44436.960938,44201.371094,44240.761719,445670000
07-09-25,44327.128906,44556.679688,44225.878906,44458.300781,531790000
07-10-25,44427.75,44775.46875,44372.921875,44650.640625,452340000
07-11-25,44480.769531,44480.769531,44275.25,44371.511719,474090000
07-14-25,44346.148438,44472.128906,44237.28125,44459.648438,410250000
07-15-25,44459.839844,44504.269531,44002.390625,44023.289062,496270000
07-16-25,44152.738281,44260.191406,43758.980469,44254.78125,450190000
07-17-25,44229.878906,44558.050781,44200.039062,44484.488281,455310000
07-18-25,44571.679688,44571.679688,44224.589844,44342.191406,497800000
07-21-25,44368.398438,44601.851562,44311.421875,44323.070312,446590000
07-22-25,44338.621094,44542.53125,44272.601562,44502.441406,483560000
07-23-25,44661.121094,45016.710938,44638.441406,45010.289062,446630000
07-24-25,44776.410156,44912.269531,44674.570312,44693.910156,453000000
07-25-25,44757.28125,44944.460938,44650.589844,44901.921875,369500000
07-28-25,44946.980469,44946.980469,44739.960938,44837.558594,416510000
07-29-25,44833.738281,44883.660156,44568.828125,44632.988281,488780000
07-30-25,44677.898438,44739.53125,44261.710938,44461.28125,456840000
07-31-25,44665.820312,44665.820312,44049.011719,44130.980469,689040000
08-01-25,43781.769531,43781.769531,43340.679688,43588.578125,705150000
08-04-25,43724.019531,44188.359375,43724.019531,44173.640625,514180000
08-05-25,44200.070312,44308.5,43923.808594,44111.738281,455690000
08-06-25,44196.609375,44290.089844,44017.710938,44193.121094,518970000
08-07-25,44430.089844,44498.429688,43799.199219,43968.640625,492480000
08-08-25,44044.949219,44272.75,44028.941406,44175.609375,452500000
08-11-25,44184.359375,44273.03125,43911.308594,43975.089844,431510000
08-12-25,44050.53125,44497.589844,44050.53125,44458.609375,442850000
08-13-25,44571.53125,44949.121094,44571.53125,44922.269531,521430000
08-14-25,44890.839844,44948.699219,44690.5,44911.261719,453530000
08-15-25,45159.910156,45203.519531,44897.980469,44946.121094,547270000
08-18-25,44963.171875,44998.828125,44868.320312,44911.820312,416460000
08-19-25,44952.359375,45207.390625,44816.5,44922.269531,466010000
08-20-25,44922.699219,45033.75,44767.96875,44938.308594,512550000
08-21-25,44808.210938,44892.609375,44579.03125,44785.5,407540000
08-22-25,44952.878906,45757.839844,44952.878906,45631.738281,484720000
08-25-25,45605.25,45605.25,45273.089844,45282.46875,393960000
08-26-25,45236.828125,45437.621094,45192.289062,45418.070312,490980000
08-27-25,45417.460938,45621.078125,45372.78125,45565.230469,430980000
08-28-25,45581.03125,45682.828125,45442.679688,45636.898438,540880000
08-29-25,45590.960938,45616.160156,45377.210938,45544.878906,494870000
09-02-25,45287.730469,45295.808594,44948.160156,45295.808594,533180000
09-03-25,45309.429688,45309.429688,44980.359375,45271.230469,479210000
09-04-25,45204.871094,45632.390625,45160.738281,45621.289062,457490000
09-05-25,45656.488281,45770.199219,45211.78125,45400.859375,558920000
09-08-25,45430.609375,45542.558594,45277.730469,45514.949219,472240000
09-09-25,45547.621094,45764.199219,45433.511719,45711.339844,449650000
09-10-25,45731.5,45731.5,45380.058594,45490.921875,579920000
09-11-25,45577.089844,46137.199219,45577.089844,46108,448340000
09-12-25,46077.140625,46077.140625,45813.929688,45834.21875,421730000
09-15-25,45848.390625,45978.429688,45771.878906,45883.449219,401500000
09-16-25,45919.539062,45967.109375,45667.421875,45757.898438,443400000
09-17-25,45778.398438,46261.949219,45687.589844,46018.320312,509830000
09-18-25,46056.550781,46317.519531,45954.730469,46142.421875,489090000
09-19-25,46211.160156,46396.46875,46105.019531,46315.269531,972580000
09-22-25,46206.691406,46447.128906,46035.828125,46381.539062,627450000
09-23-25,46364.109375,46714.269531,46217.578125,46292.78125,541530000
09-24-25,46368.941406,46453.070312,46096.390625,46121.28125,421040000
09-25-25,46097.429688,46122.421875,45785.171875,45947.320312,509180000
09-26-25,46101.449219,46353.03125,46051.921875,46247.289062,434270000
09-29-25,46306.339844,46387.058594,46149.050781,46316.070312,479740000
09-30-25,46282.628906,46425.300781,46103.390625,46397.890625,584780000
10-01-25,46366.78125,46528.78125,46276.390625,46441.101562,552790000
10-02-25,46461.109375,46589.308594,46283.570312,46519.71875,442010000
10-03-25,46583.949219,47049.640625,46566.871094,46758.28125,425050000
10-06-25,46776.039062,46846.449219,46426.960938,46694.96875,500000000
10-07-25,46700.898438,46868.488281,46448.019531,46602.980469,411280000
10-08-25,46649.320312,46816.28125,46498.390625,46601.78125,423510000
10-09-25,46622.308594,46684.410156,46271.398438,46358.421875,493080000
10-10-25,46394.878906,46641.738281,45470.71875,45479.601562,658100000
10-13-25,45698.460938,46153.488281,45698.460938,46067.578125,414070000
10-14-25,45871.890625,46522.671875,45452.03125,46270.460938,515330000
10-15-25,46375.171875,46693.339844,46027.230469,46253.308594,488700000
10-16-25,46289.089844,46422.339844,45781.179688,45952.238281,481610000
10-17-25,45862.398438,46327.070312,45862.371094,46190.609375,492870000
10-20-25,46312.878906,46759.269531,46312.878906,46706.578125,444010000
10-21-25,46707.078125,47125.660156,46688.25,46924.738281,430490000
10-22-25,46941.558594,46941.558594,46461.519531,46590.410156,458450000
10-23-25,46519.128906,46802.148438,46490.058594,46734.609375,407570000
10-24-25,46811.511719,47326.730469,46811.511719,47207.121094,403500000
10-27-25,47412.800781,47564.519531,47375.960938,47544.589844,426790000
10-28-25,47752.351562,47943.160156,47675.699219,47706.371094,603670000
10-29-25,47746.789062,48040.640625,47448.589844,47632,683470000
10-30-25,47446.878906,48014.921875,47381.910156,47522.121094,593890000
10-31-25,47659.960938,47718.378906,47347.28125,47562.871094,704620000
11-03-25,47697.328125,47697.328125,47135.960938,47336.679688,571740000
11-04-25,47148.039062,47274.898438,46877.058594,47085.238281,514650000
11-05-25,47097.308594,47460.359375,47041.308594,47311,469010000
11-06-25,47255.121094,47359.289062,46787.441406,46912.300781,552150000
11-07-25,46797.03125,46996.710938,46495.621094,46987.101562,591090000
11-10-25,47095.058594,47412.890625,46934.351562,47368.628906,490070000
11-11-25,47384.511719,47974.371094,47384.511719,47927.960938,454970000
11-12-25,48015.789062,48431.570312,48015.789062,48254.820312,497550000
11-13-25,48173.921875,48233.25,47411.101562,47457.21875,608110000
11-14-25,47222.378906,47380.070312,46863.050781,47147.480469,552330000
11-17-25,47068.058594,47202.558594,46430.269531,46590.238281,503830000
11-18-25,46382.921875,46382.921875,45913.601562,46091.738281,596360000
11-19-25,46138.679688,46299.128906,45905.191406,46138.769531,555370000
11-20-25,46567.511719,46856.75,45728.929688,45752.261719,721440000
11-21-25,45808.648438,46577.5,45781.578125,46245.410156,790560000
11-24-25,46351.929688,46587.710938,46108.011719,46448.269531,743580000
11-25-25,46482.359375,47182.898438,46341.351562,47112.449219,648860000
11-26-25,47196.148438,47571.398438,47196.148438,47427.121094,454980000
11-28-25,47482.25,47750.769531,47475.609375,47716.421875,272500000
12-01-25,47580.851562,47676.03125,47271.109375,47289.328125,482190000
12-02-25,47416.910156,47597.109375,47263.921875,47474.460938,510900000
12-03-25,47371.621094,47969.640625,47371.621094,47882.898438,490380000
12-04-25,47888.160156,48049.71875,47692.960938,47850.941406,498740000
12-05-25,47879.601562,48133.539062,47871.511719,47954.988281,456100000
12-08-25,47971.511719,47971.511719,47611.929688,47739.320312,505490000
12-09-25,47724.519531,47957.789062,47533.601562,47560.289062,425470000
12-10-25,47573.960938,48197.300781,47462.941406,48057.75,545610000
12-11-25,48082.898438,48756.339844,48082.898438,48704.011719,493950000
12-12-25,48714.75,48886.859375,48334.101562,48458.050781,495830000
12-15-25,48594.359375,48679.140625,48283.269531,48416.558594,516630000
12-16-25,48380.171875,48452.171875,47946.25,48114.261719,457400000
12-17-25,48128.050781,48387.328125,47856.789062,47885.96875,534260000
12-18-25,48101.179688,48365.929688,47849.480469,47951.851562,521430000
12-19-25,47974.820312,48289.628906,47974.820312,48134.890625,1227520000
12-22-25,48211.878906,48457.46875,48199.128906,48362.679688,427050000
12-23-25,48320.589844,48527.5,48254.308594,48442.410156,418920000
12-24-25,48424.710938,48771.320312,48386.589844,48731.160156,202616229
12-26-25,48712.46875,48782,48589.070312,48710.96875,288770000
12-29-25,48636.628906,48704.828125,48390.910156,48461.929688,321850000
12-30-25,48434.878906,48471.699219,48297.261719,48367.058594,282570000
12-31-25,48371.519531,48394.511719,48050.878906,48063.289062,336060000
01-02-26,48105.980469,48404.058594,47853.039062,48382.390625,465060000
01-05-26,48475.808594,49209.949219,48449.621094,48977.179688,578580000
01-06-26,48987.359375,49509.921875,48923.828125,49462.078125,541220000
01-07-26,49512.71875,49621.429688,48951.988281,48996.078125,506140000
01-08-26,48850.171875,49357.738281,48792.339844,49266.109375,515070000
01-09-26,49234.808594,49571.410156,49197.058594,49504.070312,444480000
01-12-26,49499.671875,49633.351562,49011.308594,49590.199219,516430000
01-13-26,49616.949219,49616.949219,49056.308594,49191.988281,549950000
01-14-26,49088.25,49195.101562,48851.980469,49149.628906,530670000
01-15-26,49201.101562,49581.179688,49201.101562,49442.441406,541520000
01-16-26,49466.699219,49616.699219,49246.238281,49359.328125,992970000
01-20-26,49005.011719,49005.011719,48428.128906,48488.589844,676030000
01-21-26,48546.03125,49295.03125,48546.03125,49077.230469,600840000
01-22-26,49201.808594,49607.289062,49201.808594,49384.011719,455130000
01-23-26,49264.539062,49265.460938,48963.050781,49098.710938,461030000
01-26-26,49137.648438,49488.808594,49137.648438,49412.398438,454370000
01-27-26,49103.578125,49157.800781,48862.519531,49003.410156,533780000
01-28-26,49024.679688,49150.339844,48901.488281,49015.601562,470990000
01-29-26,48938.269531,49292.808594,48597.21875,49071.558594,693040000
01-30-26,48991.621094,49047.679688,48459.878906,48892.46875,761990000
02-02-26,48777.769531,49484.949219,48673.578125,49407.660156,632100000
02-03-26,49358.589844,49653.128906,48832.78125,49240.988281,741310000
02-04-26,49323.589844,49649.859375,49112.429688,49501.300781,742920000
02-05-26,49313.039062,49340.898438,48829.101562,48908.71875,710270000
02-06-26,49032.191406,50169.648438,49032.191406,50115.671875,775490000
02-09-26,50047.789062,50219.398438,49837.449219,50135.871094,623640000
02-10-26,50193.488281,50512.789062,50115.03125,50188.140625,532700000
02-11-26,50243.148438,50499.039062,49901.609375,50121.398438,569380000
02-12-26,50170.269531,50447.011719,49420.28125,49451.980469,765340000
02-13-26,49439.578125,49743.980469,49084.351562,49500.929688,597100000
02-17-26,49525.371094,49732.371094,49169.839844,49533.191406,558570000
02-18-26,49571.921875,49897.308594,49469.058594,49662.660156,493390000
02-19-26,49576.21875,49606.171875,49197.53125,49395.160156,439980000
02-20-26,49323,49712.558594,49158.28125,49625.96875,574810000
02-23-26,49536.539062,49695.609375,48731.460938,48804.058594,574610000
02-24-26,48827.800781,49295.210938,48752.738281,49174.5,524270000
02-25-26,49357.628906,49517.359375,49206.871094,49482.148438,541620000
02-26-26,49544.578125,49815.21875,49237.378906,49499.199219,684630000
02-27-26,49253.570312,49253.570312,48678.78125,48977.921875,811800000
03-02-26,48794.421875,49064.671875,48377.960938,48904.78125,552340000
03-03-26,48493.109375,48695.359375,47626.851562,48501.269531,533540000
03-04-26,48589.769531,48854.050781,48354.371094,48739.410156,511380000
03-05-26,48526.730469,48526.730469,47577.109375,47954.738281,625110000
03-06-26,47634.550781,47634.550781,47009.011719,47501.550781,541850000
03-09-26,47371.28125,47876.058594,46615.519531,47740.800781,560020000
03-10-26,47771.429688,48220.539062,47444.230469,47706.511719,490360000
03-11-26,47690.761719,47711.261719,47185.890625,47417.269531,419500000
03-12-26,47242.519531,47242.519531,46662.230469,46677.851562,535900000
03-12-26,47242.519531,47242.519531,46662.230469,46677.851562,535907015
03-13-26,46689.238281,47123.988281,46494.628906,46558.46875,453250000
03-13-26,46689.238281,47123.988281,46494.628906,46558.46875,453256742
03-16-26,46707.398438,47176.140625,46707.398438,46946.410156,514985340
03-17-26,47085.53125,47428.121094,46975.519531,46993.261719,479900000
03-17-26,47085.53125,47428.121094,46975.519531,46993.261719,479903672
03-18-26,46913.929688,46913.929688,46193.058594,46225.148438,472020000
03-18-26,46913.929688,46913.929688,46193.058594,46225.148438,472026662
03-19-26,46134.871094,46247.21875,45733.699219,46021.429688,484400013
03-20-26,45975.648438,46068.308594,45369.390625,45577.46875,1044540000
03-20-26,45975.648438,46068.308594,45369.390625,45577.46875,1068426541
03-23-26,45803.820312,46712.328125,45803.820312,46208.46875,530140000
03-23-26,45803.820312,46712.328125,45803.820312,46208.46875,533679998
03-24-26,46099.859375,46400.820312,45769.691406,46124.058594,474450000
03-24-26,46099.859375,46400.820312,45769.691406,46124.058594,474453568
03-25-26,46314.238281,46718.421875,46196.910156,46429.488281,462990000
03-25-26,46314.238281,46718.421875,46196.910156,46429.488281,462991321
03-26-26,46344.640625,46547.589844,45910.75,45960.109375,505010000
03-27-26,45904.25,45904.25,45063.328125,45166.640625,555090000
03-30-26,45283.058594,45625.761719,45057.28125,45216.140625,540680000
03-31-26,45541.761719,46383.398438,45480.300781,46341.511719,639410000
04-01-26,46396.121094,46803.359375,46396.121094,46565.738281,604140000
04-02-26,46469.359375,46754.71875,45897.238281,46504.671875,446710000
04-06-26,46472.199219,46701.101562,46354.949219,46669.878906,339870000
04-07-26,46744.761719,46744.761719,46214.769531,46584.460938,450740000
04-08-26,46978.171875,48017.089844,46978.171875,47909.921875,523710000
04-09-26,47840.628906,48323.949219,47690.269531,48185.800781,445240000
04-10-26,48199.390625,48235.058594,47856.179688,47916.570312,477060000
04-13-26,47718.210938,48221.371094,47505.96875,48218.25,455850000
04-14-26,48272.03125,48592.289062,48192.300781,48535.988281,527910000
04-15-26,48549.140625,48709.011719,48281.621094,48463.71875,529870000
04-16-26,48557.820312,48683.449219,48337.378906,48578.71875,456610000
04-17-26,48788.808594,49717.980469,48788.808594,49447.429688,585650000
04-20-26,49422.371094,49489.628906,49245.601562,49442.558594,411270000
04-21-26,49688.371094,49848.691406,49046.539062,49149.378906,476630000
04-22-26,49271.5,49624.480469,49271.5,49490.03125,426410000
04-23-26,49284.851562,49522.941406,48861.308594,49310.320312,455470000
04-24-26,49320.289062,49393.339844,49085.75,49230.710938,536950000
04-27-26,49112.199219,49353.691406,49029.46875,49167.789062,514570000
04-28-26,49276.800781,49381.328125,49077.75,49141.929688,508210000
04-29-26,49163.78125,49163.78125,48708.570312,48861.808594,453280000
04-30-26,48762.929688,49753.261719,48762.929688,49652.140625,733120000
05-01-26,49832.570312,49988.558594,49496.46875,49499.269531,465300000
05-04-26,49416.660156,49441.429688,48913.058594,48941.898438,439460000
05-05-26,49037.121094,49365.21875,49009.109375,49298.25,395600000
05-06-26,49442.191406,50011.53125,49442.191406,49910.589844,552640000
05-07-26,50002.390625,50130.199219,49487.96875,49596.96875,482010000
05-08-26,49581.089844,49830.699219,49486.960938,49609.160156,456510000
05-11-26,49549.070312,49771.238281,49475.78125,49704.46875,493230000
05-12-26,49739.621094,49823.941406,49307.660156,49760.558594,498360000
05-13-26,49674.578125,49747.609375,49451,49693.199219,485990000
05-14-26,49843.578125,50200.539062,49843.578125,50063.460938,504090000
05-15-26,49930.261719,49930.261719,49503.570312,49526.171875,587920000
05-18-26,49481.039062,49761.160156,49352.558594,49686.121094,461520000
05-19-26,49696.53125,49696.53125,49245.109375,49363.878906,494840000
05-20-26,49348.828125,50067.21875,49235.738281,50009.351562,513230000
05-21-26,49983.800781,50381.410156,49697.46875,50285.660156,560940000
